instance	master	x	y	orient	input_net	output_net	upstream_loads	output_loads	merged_fanout	driver_term
FE_OFC718_01434	BUF_X1	141.36	119.28	MX	_01434_	FE_OFN1435_n	6	13	18	_10223_/ZN
FE_OFC703_01816	BUF_X1	75.24	133.28	R180	_01816_	FE_OFN703_01816	5	16	20	_10612_/Z
FE_OFC702_01816	BUF_X1	90.44	137.48	R0	_01816_	FE_OFN702_01816	5	13	17	_10612_/Z
FE_OFC701_01815	BUF_X1	68.4	137.48	R0	FE_OFN700_01815	FE_OFN701_01815	13	15	27	FE_OFC700_01815/Z
FE_OFC694_08483	BUF_X1	96.71	123.48	MY	FE_OFN692_08483	FE_OFN694_08483	13	12	24	FE_OFC692_08483/Z
FE_OFC693_08483	BUF_X1	113.24	112.28	R0	FE_OFN691_08483	FE_OFN693_08483	12	16	27	FE_OFC691_08483/Z
FE_OFC692_08483	BUF_X1	97.28	110.88	MX	FE_OFN690_08483	FE_OFN692_08483	12	13	24	FE_OFC690_08483/Z
FE_OFC691_08483	BUF_X1	99.37	105.28	MX	FE_OFN690_08483	FE_OFN691_08483	12	12	23	FE_OFC690_08483/Z
FE_OFC689_08482	BUF_X1	112.1	126.28	MY	FE_OFN687_08482	FE_OFN689_08482	16	15	30	FE_OFC687_08482/Z
FE_OFC688_08482	BUF_X1	94.05	112.28	R0	FE_OFN686_08482	FE_OFN688_08482	11	16	26	FE_OFC686_08482/Z
FE_OFC687_08482	BUF_X1	113.24	110.88	R180	FE_OFN686_08482	FE_OFN687_08482	11	16	26	FE_OFC686_08482/Z
FE_OFC685_08452	BUF_X1	107.16	109.48	R0	_08452_	FE_OFN685_08452	9	16	24	_17737_/ZN
FE_OFC684_08452	BUF_X1	94.81	103.88	R0	_08452_	FE_OFN684_08452	9	15	23	_17737_/ZN
FE_OFC683_08451	BUF_X1	98.61	127.68	MX	FE_OFN682_08451	FE_OFN683_08451	16	13	28	FE_OFC682_08451/Z
FE_OFC682_08451	BUF_X1	90.25	110.88	MX	FE_OFN681_08451	FE_OFN682_08451	14	16	29	FE_OFC681_08451/Z
FE_OFC653_03521	BUF_X1	77.52	43.68	MX	_03521_	FE_OFN653_03521	4	14	17	_12344_/ZN
FE_OFC641_02272	BUF_X1	149.91	155.68	MX	FE_OFN640_02272	FE_OFN641_02272	14	15	28	FE_OFC640_02272/Z
FE_OFC640_02272	BUF_X1	137.94	159.88	R0	FE_OFN638_02272	FE_OFN640_02272	15	14	28	FE_OFC638_02272/Z
FE_OFC639_02272	BUF_X1	140.22	141.68	MX	FE_OFN638_02272	FE_OFN639_02272	15	15	29	FE_OFC638_02272/Z
FE_OFC637_02271	BUF_X1	155.8	147.28	MX	FE_OFN635_02271	FE_OFN637_02271	16	14	29	FE_OFC635_02271/Z
FE_OFC636_02271	BUF_X1	135.28	151.48	MY	FE_OFN634_02271	FE_OFN636_02271	14	15	28	FE_OFC634_02271/Z
FE_OFC635_02271	BUF_X1	141.55	140.28	MY	FE_OFN634_02271	FE_OFN635_02271	14	16	29	FE_OFC634_02271/Z
FE_OFC632_02222	BUF_X1	137.56	162.68	R0	FE_OFN630_02222	FE_OFN632_02222	12	16	27	FE_OFC630_02222/Z
FE_OFC631_02222	BUF_X1	144.97	141.68	MX	_02222_	FE_OFN631_02222	8	12	19	_11025_/ZN
FE_OFC630_02222	BUF_X1	133.38	147.28	MX	_02222_	FE_OFN630_02222	8	12	19	_11025_/ZN
FE_OFC629_02221	BUF_X1	155.8	152.88	MX	FE_OFN628_02221	FE_OFN629_02221	16	16	31	FE_OFC628_02221/Z
FE_OFC628_02221	BUF_X1	143.45	140.28	R0	_02221_	FE_OFN628_02221	11	16	26	_11024_/Z
FE_OFC627_02221	BUF_X1	138.7	148.68	MY	_02221_	FE_OFN627_02221	11	14	24	_11024_/Z
FE_OFC611_00305	BUF_X1	14.06	59.08	R0	_00305_	FE_OFN611_00305	9	9	17	_13365_/ZN
FE_OFC610_00304	BUF_X1	12.16	60.48	MX	FE_OFN609_00304	FE_OFN610_00304	13	16	28	FE_OFC609_00304/Z
FE_OFC609_00304	BUF_X1	11.97	47.88	MY	_00304_	FE_OFN609_00304	10	13	22	_13369_/ZN
FE_OFC608_00303	BUF_X1	16.91	56.28	R0	_00303_	FE_OFN608_00303	12	12	23	_13373_/ZN
FE_OFC607_00303	BUF_X1	15.96	53.48	MY	_00303_	FE_OFN607_00303	12	15	26	_13373_/ZN
FE_OFC606_00303	BUF_X1	12.73	45.08	R0	_00303_	FE_OFN606_00303	12	15	26	_13373_/ZN
FE_OFC605_00302	BUF_X1	21.47	49.28	MX	_00302_	FE_OFN605_00302	16	16	31	_13377_/ZN
FE_OFC604_00302	BUF_X1	33.63	47.88	R0	_00302_	FE_OFN604_00302	16	16	31	_13377_/ZN
FE_OFC603_00299	BUF_X1	38.76	50.68	MY	_00299_	FE_OFN603_00299	6	13	18	_13386_/ZN
FE_OFC602_00298	BUF_X1	43.13	101.08	MY	FE_OFN601_00298	FE_OFN602_00298	16	13	28	FE_OFC601_00298/Z
FE_OFC601_00298	BUF_X1	42.56	88.48	R180	_00298_	FE_OFN601_00298	14	16	29	_12756_/ZN
FE_OFC600_00296	BUF_X1	27.74	77.28	R180	_00296_	FE_OFN600_00296	6	16	21	_12714_/ZN
FE_OFC599_00296	BUF_X1	36.29	77.28	MX	_00296_	FE_OFN599_00296	6	16	21	_12714_/ZN
FE_OFC598_00291	BUF_X1	42.37	141.68	R180	_00291_	FE_OFN598_00291	10	15	24	_13289_/ZN
FE_OFC597_00290	BUF_X1	44.84	141.68	MX	_00290_	FE_OFN597_00290	13	16	28	_13293_/ZN
FE_OFC596_00289	BUF_X1	43.13	159.88	MY	FE_OFN594_00289	FE_OFN596_00289	16	16	31	FE_OFC594_00289/Z
FE_OFC595_00289	BUF_X1	21.28	144.48	MX	_00289_	FE_OFN595_00289	15	14	28	_13297_/ZN
FE_OFC594_00289	BUF_X1	41.04	144.48	MX	_00289_	FE_OFN594_00289	15	16	30	_13297_/ZN
FE_OFC593_00288	BUF_X1	35.15	45.08	MY	_00288_	FE_OFN593_00288	14	11	24	_13392_/ZN
FE_OFC592_00287	BUF_X1	33.25	158.48	R180	FE_OFN591_00287	FE_OFN592_00287	16	16	31	FE_OFC591_00287/Z
FE_OFC591_00287	BUF_X1	38.19	140.28	R0	_00287_	FE_OFN591_00287	15	16	30	_13301_/ZN
FE_OFC590_00286	BUF_X1	20.14	159.88	MY	FE_OFN589_00286	FE_OFN590_00286	15	10	24	FE_OFC589_00286/Z
FE_OFC589_00286	BUF_X1	20.9	137.48	MY	_00286_	FE_OFN589_00286	3	15	17	_13310_/ZN
FE_OFC588_00285	BUF_X1	17.86	141.68	R180	_00285_	FE_OFN588_00285	10	16	25	_13314_/ZN
FE_OFC587_00284	BUF_X1	33.82	137.48	MY	_00284_	FE_OFN587_00284	4	16	19	_13323_/ZN
FE_OFC586_00282	BUF_X1	34.01	108.08	MX	_00282_	FE_OFN586_00282	13	12	24	_13330_/ZN
FE_OFC585_00281	BUF_X1	19.38	119.28	MX	FE_OFN584_00281	FE_OFN585_00281	12	13	24	FE_OFC584_00281/Z
FE_OFC584_00281	BUF_X1	31.73	115.08	MY	_00281_	FE_OFN584_00281	7	12	18	_13334_/ZN
FE_OFC583_00280	BUF_X1	36.86	124.88	MX	FE_OFN581_00280	FE_OFN583_00280	14	13	26	FE_OFC581_00280/Z
FE_OFC582_00280	BUF_X1	13.3	126.28	R0	FE_OFN580_00280	FE_OFN582_00280	13	16	28	FE_OFC580_00280/Z
FE_OFC581_00280	BUF_X1	34.77	112.28	R0	_00280_	FE_OFN581_00280	12	14	25	_13338_/ZN
FE_OFC580_00280	BUF_X1	28.12	113.68	R180	_00280_	FE_OFN580_00280	12	13	24	_13338_/ZN
FE_OFC579_00277	BUF_X1	35.72	45.08	R0	_00277_	FE_OFN579_00277	8	12	19	_13401_/ZN
FE_OFC578_09161	BUF_X1	68.4	52.08	R180	FE_OFN576_09161	FE_OFN578_09161	15	15	29	FE_OFC576_09161/Z
FE_OFC577_09161	BUF_X1	52.25	63.28	MX	FE_OFN575_09161	FE_OFN577_09161	13	16	28	FE_OFC575_09161/Z
FE_OFC576_09161	BUF_X1	58.33	52.08	R180	FE_OFN575_09161	FE_OFN576_09161	13	15	27	FE_OFC575_09161/Z
FE_OFC574_09160	BUF_X1	61.75	64.68	R0	FE_OFN573_09160	FE_OFN574_09160	13	12	24	FE_OFC573_09160/Z
FE_OFC573_09160	BUF_X1	53.58	57.68	MX	FE_OFN571_09160	FE_OFN573_09160	12	13	24	FE_OFC571_09160/Z
FE_OFC572_09160	BUF_X1	60.8	52.08	MX	FE_OFN571_09160	FE_OFN572_09160	12	16	27	FE_OFC571_09160/Z
FE_OFC570_09155	BUF_X1	63.65	50.68	R0	FE_OFN568_09155	FE_OFN570_09155	16	16	31	FE_OFC568_09155/Z
FE_OFC569_09155	BUF_X1	60.8	68.88	MX	FE_OFN568_09155	FE_OFN569_09155	16	12	27	FE_OFC568_09155/Z
FE_OFC568_09155	BUF_X1	51.11	50.68	MY	_09155_	FE_OFN568_09155	2	16	17	_18456_/Z
FE_OFC567_09154	BUF_X1	68.21	53.48	R0	FE_OFN566_09154	FE_OFN567_09154	13	16	28	FE_OFC566_09154/Z
FE_OFC565_09133	BUF_X1	53.2	56.28	R0	FE_OFN564_09133	FE_OFN565_09133	13	12	24	FE_OFC564_09133/Z
FE_OFC564_09133	BUF_X1	51.49	53.48	R0	_09133_	FE_OFN564_09133	7	13	19	_18434_/Z
FE_OFC563_09132	BUF_X1	56.05	54.88	MX	FE_OFN562_09132	FE_OFN563_09132	13	14	26	FE_OFC562_09132/Z
FE_OFC561_09125	BUF_X1	50.54	53.48	MY	FE_OFN560_09125	FE_OFN561_09125	13	14	26	FE_OFC560_09125/Z
FE_OFC559_09124	BUF_X1	51.3	49.28	MX	FE_OFN558_09124	FE_OFN559_09124	11	11	21	FE_OFC558_09124/Z
FE_OFC557_09119	BUF_X1	54.15	50.68	R0	FE_OFN556_09119	FE_OFN557_09119	13	15	27	FE_OFC556_09119/Z
FE_OFC555_09118	BUF_X1	57.38	49.28	MX	FE_OFN554_09118	FE_OFN555_09118	12	16	27	FE_OFC554_09118/Z
FE_OFC553_09112	BUF_X1	62.89	67.48	R0	FE_OFN551_09112	FE_OFN553_09112	16	15	30	FE_OFC551_09112/Z
FE_OFC552_09112	BUF_X1	60.99	53.48	R0	FE_OFN551_09112	FE_OFN552_09112	16	16	31	FE_OFC551_09112/Z
FE_OFC551_09112	BUF_X1	52.25	52.08	MX	FE_OFN550_09112	FE_OFN551_09112	15	16	30	FE_OFC550_09112/Z
FE_OFC549_09111	BUF_X1	67.83	52.08	MX	FE_OFN547_09111	FE_OFN549_09111	14	14	27	FE_OFC547_09111/Z
FE_OFC548_09111	BUF_X1	48.45	53.48	MY	FE_OFN547_09111	FE_OFN548_09111	14	16	29	FE_OFC547_09111/Z
FE_OFC544_08497	BUF_X1	101.08	122.08	MX	FE_OFN543_08497	FE_OFN544_08497	16	9	24	FE_OFC543_08497/Z
FE_OFC542_08496	BUF_X1	114.0	112.28	MY	_08496_	FE_OFN542_08496	8	11	18	_17781_/ZN
FE_OFC541_08422	BUF_X1	102.41	103.88	MY	FE_OFN540_08422	FE_OFN541_08422	11	15	25	FE_OFC540_08422/Z
FE_OFC539_08421	BUF_X1	109.25	119.28	MX	FE_OFN538_08421	FE_OFN539_08421	15	15	29	FE_OFC538_08421/Z
FE_OFC537_08416	BUF_X1	98.99	115.08	R0	FE_OFN536_08416	FE_OFN537_08416	15	15	29	FE_OFC536_08416/Z
FE_OFC535_08415	BUF_X1	106.21	113.68	R180	_08415_	FE_OFN535_08415	10	14	23	_17700_/ZN
FE_OFC530_07970	BUF_X1	89.3	85.68	R180	FE_OFN529_07970	FE_OFN530_07970	12	11	22	FE_OFC529_07970/Z
FE_OFC528_07969	BUF_X1	87.59	84.28	R0	FE_OFN527_07969	FE_OFN528_07969	10	15	24	FE_OFC527_07969/Z
FE_OFC526_07961	BUF_X1	91.2	81.48	R0	_07961_	FE_OFN526_07961	9	16	24	_17035_/Z
FE_OFC525_07960	BUF_X1	86.07	81.48	MY	FE_OFN524_07960	FE_OFN525_07960	11	15	25	FE_OFC524_07960/Z
FE_OFC523_07954	BUF_X1	90.06	77.28	MX	FE_OFN522_07954	FE_OFN523_07954	12	13	24	FE_OFC522_07954/Z
FE_OFC521_07953	BUF_X1	83.41	84.28	R0	_07953_	FE_OFN521_07953	6	16	21	_17027_/ZN
FE_OFC520_07948	BUF_X1	93.48	95.48	R0	FE_OFN519_07948	FE_OFN520_07948	16	13	28	FE_OFC519_07948/Z
FE_OFC519_07948	BUF_X1	90.06	87.08	R0	FE_OFN518_07948	FE_OFN519_07948	16	16	31	FE_OFC518_07948/Z
FE_OFC517_07947	BUF_X1	95.38	75.88	R0	FE_OFN515_07947	FE_OFN517_07947	16	16	31	FE_OFC515_07947/Z
FE_OFC516_07947	BUF_X1	87.97	92.68	R0	FE_OFN515_07947	FE_OFN516_07947	16	13	28	FE_OFC515_07947/Z
FE_OFC514_07941	BUF_X1	98.42	81.48	R0	FE_OFN512_07941	FE_OFN514_07941	15	13	27	FE_OFC512_07941/Z
FE_OFC513_07941	BUF_X1	89.11	101.08	R0	FE_OFN511_07941	FE_OFN513_07941	14	12	25	FE_OFC511_07941/Z
FE_OFC512_07941	BUF_X1	88.16	82.88	MX	FE_OFN511_07941	FE_OFN512_07941	14	15	28	FE_OFC511_07941/Z
FE_OFC510_07940	BUF_X1	107.73	95.48	R0	FE_OFN508_07940	FE_OFN510_07940	14	13	26	FE_OFC508_07940/Z
FE_OFC509_07940	BUF_X1	99.18	77.28	MX	_07940_	FE_OFN509_07940	9	16	24	_17014_/ZN
FE_OFC508_07940	BUF_X1	94.62	84.28	R0	_07940_	FE_OFN508_07940	9	14	22	_17014_/ZN
FE_OFC507_07940	BUF_X1	87.59	85.68	R180	_07940_	FE_OFN507_07940	9	12	20	_17014_/ZN
FE_OFC506_07935	BUF_X1	106.59	78.68	R0	FE_OFN505_07935	FE_OFN506_07935	11	16	26	FE_OFC505_07935/Z
FE_OFC505_07935	BUF_X1	93.1	85.68	MX	FE_OFN504_07935	FE_OFN505_07935	11	11	21	FE_OFC504_07935/Z
FE_OFC503_07934	BUF_X1	90.06	84.28	R0	FE_OFN502_07934	FE_OFN503_07934	11	14	24	FE_OFC502_07934/Z
FE_OFC498_07580	BUF_X1	30.21	29.68	R180	FE_OFN497_07580	FE_OFN498_07580	16	15	30	FE_OFC497_07580/Z
FE_OFC496_07579	BUF_X1	14.82	26.88	MX	FE_OFN494_07579	FE_OFN496_07579	14	16	29	FE_OFC494_07579/Z
FE_OFC495_07579	BUF_X1	33.44	26.88	R180	FE_OFN494_07579	FE_OFN495_07579	14	13	26	FE_OFC494_07579/Z
FE_OFC492_07569	BUF_X1	28.88	31.08	MY	FE_OFN491_07569	FE_OFN492_07569	10	13	22	FE_OFC491_07569/Z
FE_OFC490_07564	BUF_X1	23.56	19.88	MY	_07564_	FE_OFN490_07564	12	16	27	_16582_/ZN
FE_OFC489_07563	BUF_X1	18.24	33.88	MY	_07563_	FE_OFN489_07563	11	16	26	_16581_/ZN
FE_OFC488_07552	BUF_X1	32.3	33.88	MY	_07552_	FE_OFN488_07552	8	12	19	_16570_/ZN
FE_OFC487_07551	BUF_X1	31.16	33.88	MY	_07551_	FE_OFN487_07551	5	14	18	_16569_/ZN
FE_OFC486_07541	BUF_X1	21.47	26.88	R180	FE_OFN3_07541	FE_OFN486_07541	11	16	26	FE_OFC3_07541/Z
FE_OFC485_07541	BUF_X1	34.58	19.88	MY	FE_OFN3_07541	FE_OFN485_07541	11	14	24	FE_OFC3_07541/Z
FE_OFC484_07541	BUF_X1	30.78	29.68	MX	FE_OFN3_07541	FE_OFN484_07541	11	12	22	FE_OFC3_07541/Z
FE_OFC483_07540	BUF_X1	18.43	22.68	MY	FE_OFN480_07540	FE_OFN483_07540	16	16	31	FE_OFC480_07540/Z
FE_OFC482_07540	BUF_X1	28.69	29.68	R180	FE_OFN480_07540	FE_OFN482_07540	16	13	28	FE_OFC480_07540/Z
FE_OFC481_07540	BUF_X1	35.72	21.28	R180	_07540_	FE_OFN481_07540	10	16	25	_16558_/ZN
FE_OFC480_07540	BUF_X1	34.01	26.88	R180	_07540_	FE_OFN480_07540	10	16	25	_16558_/ZN
FE_OFC479_07535	BUF_X1	31.16	17.08	MY	_07535_	FE_OFN479_07535	11	14	24	_16553_/ZN
FE_OFC478_07535	BUF_X1	27.55	28.28	R0	_07535_	FE_OFN478_07535	11	16	26	_16553_/ZN
FE_OFC476_07534	BUF_X1	23.75	28.28	MY	FE_OFN475_07534	FE_OFN476_07534	16	10	25	FE_OFC475_07534/Z
FE_OFC471_07108	BUF_X1	66.88	95.48	R0	FE_OFN470_07108	FE_OFN471_07108	15	16	30	FE_OFC470_07108/Z
FE_OFC470_07108	BUF_X1	61.37	85.68	R180	FE_OFN469_07108	FE_OFN470_07108	14	15	28	FE_OFC469_07108/Z
FE_OFC469_07108	BUF_X1	60.99	77.28	R180	FE_OFN468_07108	FE_OFN469_07108	12	14	25	FE_OFC468_07108/Z
FE_OFC467_07107	BUF_X1	74.67	88.48	MX	FE_OFN466_07107	FE_OFN467_07107	14	16	29	FE_OFC466_07107/Z
FE_OFC466_07107	BUF_X1	61.94	82.88	MX	FE_OFN465_07107	FE_OFN466_07107	15	14	28	FE_OFC465_07107/Z
FE_OFC465_07107	BUF_X1	60.8	74.48	MX	FE_OFN464_07107	FE_OFN465_07107	14	15	28	FE_OFC464_07107/Z
FE_OFC461_07082	BUF_X1	64.79	95.48	R0	FE_OFN460_07082	FE_OFN461_07082	13	11	23	FE_OFC460_07082/Z
FE_OFC460_07082	BUF_X1	56.62	87.08	R0	FE_OFN458_07082	FE_OFN460_07082	11	13	23	FE_OFC458_07082/Z
FE_OFC459_07082	BUF_X1	63.46	78.68	R0	FE_OFN458_07082	FE_OFN459_07082	11	16	26	FE_OFC458_07082/Z
FE_OFC457_07081	BUF_X1	78.85	81.48	MY	FE_OFN455_07081	FE_OFN457_07081	14	16	29	FE_OFC455_07081/Z
FE_OFC456_07081	BUF_X1	65.93	81.48	R0	FE_OFN455_07081	FE_OFN456_07081	14	11	24	FE_OFC455_07081/Z
FE_OFC455_07081	BUF_X1	60.23	78.68	R0	FE_OFN454_07081	FE_OFN455_07081	10	14	23	FE_OFC454_07081/Z
FE_OFC453_07073	BUF_X1	62.7	73.08	R0	_07073_	FE_OFN453_07073	8	16	23	_16082_/Z
FE_OFC452_07072	BUF_X1	60.42	84.28	R0	FE_OFN451_07072	FE_OFN452_07072	14	16	29	FE_OFC451_07072/Z
FE_OFC448_07051	BUF_X1	66.88	88.48	MX	FE_OFN447_07051	FE_OFN448_07051	13	15	27	FE_OFC447_07051/Z
FE_OFC446_07050	BUF_X1	72.58	74.48	MX	FE_OFN445_07050	FE_OFN446_07050	16	13	28	FE_OFC445_07050/Z
FE_OFC445_07050	BUF_X1	63.46	73.08	R0	_07050_	FE_OFN445_07050	2	16	17	_16059_/ZN
FE_OFC443_07044	BUF_X1	71.44	88.48	R180	FE_OFN442_07044	FE_OFN443_07044	10	12	21	FE_OFC442_07044/Z
FE_OFC440_06598	BUF_X1	134.71	45.08	R0	_06598_	FE_OFN440_06598	3	16	18	_15598_/Z
FE_OFC439_06597	BUF_X1	140.6	45.08	R0	_06597_	FE_OFN439_06597	5	16	20	_15597_/ZN
FE_OFC438_06591	BUF_X1	148.58	43.68	MX	FE_OFN437_06591	FE_OFN438_06591	16	16	31	FE_OFC437_06591/Z
FE_OFC437_06591	BUF_X1	136.8	42.28	R0	FE_OFN436_06591	FE_OFN437_06591	14	16	29	FE_OFC436_06591/Z
FE_OFC435_06590	BUF_X1	148.96	22.68	R0	FE_OFN434_06590	FE_OFN435_06590	14	16	29	FE_OFC434_06590/Z
FE_OFC434_06590	BUF_X1	141.36	31.08	R0	FE_OFN432_06590	FE_OFN434_06590	12	14	25	FE_OFC432_06590/Z
FE_OFC433_06590	BUF_X1	138.51	43.68	R180	FE_OFN432_06590	FE_OFN433_06590	12	10	21	FE_OFC432_06590/Z
FE_OFC431_06585	BUF_X1	151.05	35.28	R180	FE_OFN430_06585	FE_OFN431_06585	16	12	27	FE_OFC430_06585/Z
FE_OFC430_06585	BUF_X1	133.0	45.08	R0	_06585_	FE_OFN430_06585	2	16	17	_15585_/Z
FE_OFC429_06584	BUF_X1	152.0	38.08	MX	_06584_	FE_OFN429_06584	7	15	21	_15584_/ZN
FE_OFC428_06584	BUF_X1	133.76	45.08	R0	_06584_	FE_OFN428_06584	7	12	18	_15584_/ZN
FE_OFC427_06580	BUF_X1	143.83	28.28	R0	FE_OFN426_06580	FE_OFN427_06580	14	14	27	FE_OFC426_06580/Z
FE_OFC425_06579	BUF_X1	137.18	46.48	MX	_06579_	FE_OFN425_06579	6	16	21	_15579_/ZN
FE_OFC424_06574	BUF_X1	146.49	25.48	R0	FE_OFN422_06574	FE_OFN424_06574	15	14	28	FE_OFC422_06574/Z
FE_OFC423_06574	BUF_X1	135.85	22.68	MY	FE_OFN422_06574	FE_OFN423_06574	15	13	27	FE_OFC422_06574/Z
FE_OFC422_06574	BUF_X1	131.48	36.68	MY	FE_OFN421_06574	FE_OFN422_06574	13	15	27	FE_OFC421_06574/Z
FE_OFC420_06573	BUF_X1	136.61	35.28	MX	FE_OFN418_06573	FE_OFN420_06573	16	16	31	FE_OFC418_06573/Z
FE_OFC419_06573	BUF_X1	149.15	40.88	MX	_06573_	FE_OFN419_06573	8	16	23	_15573_/ZN
FE_OFC418_06573	BUF_X1	133.0	39.48	R0	_06573_	FE_OFN418_06573	8	16	23	_15573_/ZN
FE_OFC416_06567	BUF_X1	135.47	38.08	MX	_06567_	FE_OFN416_06567	5	15	19	_15567_/ZN
FE_OFC415_06562	BUF_X1	139.84	33.88	MY	FE_OFN414_06562	FE_OFN415_06562	15	12	26	FE_OFC414_06562/Z
FE_OFC414_06562	BUF_X1	132.24	39.48	R0	_06562_	FE_OFN414_06562	8	15	22	_15562_/Z
FE_OFC413_06561	BUF_X1	134.71	38.08	MX	FE_OFN412_06561	FE_OFN413_06561	16	16	31	FE_OFC412_06561/Z
FE_OFC408_05915	BUF_X1	100.13	61.88	R0	_05915_	FE_OFN408_05915	6	14	19	_14901_/Z
FE_OFC406_05884	BUF_X1	104.12	70.28	R0	FE_OFN405_05884	FE_OFN406_05884	14	16	29	FE_OFC405_05884/Z
FE_OFC404_05883	BUF_X1	114.38	67.48	R0	FE_OFN402_05883	FE_OFN404_05883	11	11	21	FE_OFC402_05883/Z
FE_OFC403_05883	BUF_X1	100.32	68.88	R180	FE_OFN402_05883	FE_OFN403_05883	11	11	21	FE_OFC402_05883/Z
FE_OFC400_05841	BUF_X1	120.65	70.28	R0	FE_OFN398_05841	FE_OFN400_05841	15	11	25	FE_OFC398_05841/Z
FE_OFC399_05841	BUF_X1	104.5	56.28	MY	FE_OFN397_05841	FE_OFN399_05841	13	16	28	FE_OFC397_05841/Z
FE_OFC398_05841	BUF_X1	105.26	67.48	R0	FE_OFN397_05841	FE_OFN398_05841	13	15	27	FE_OFC397_05841/Z
FE_OFC396_05840	BUF_X1	118.18	68.88	MX	FE_OFN394_05840	FE_OFN396_05840	16	16	31	FE_OFC394_05840/Z
FE_OFC395_05840	BUF_X1	107.73	63.28	MX	FE_OFN394_05840	FE_OFN395_05840	16	16	31	FE_OFC394_05840/Z
FE_OFC394_05840	BUF_X1	106.97	66.08	MX	FE_OFN393_05840	FE_OFN394_05840	15	16	30	FE_OFC393_05840/Z
FE_OFC392_05832	BUF_X1	121.98	50.68	R0	FE_OFN390_05832	FE_OFN392_05832	15	11	25	FE_OFC390_05832/Z
FE_OFC391_05832	BUF_X1	108.49	52.08	R180	FE_OFN390_05832	FE_OFN391_05832	15	12	26	FE_OFC390_05832/Z
FE_OFC390_05832	BUF_X1	111.53	64.68	R0	FE_OFN389_05832	FE_OFN390_05832	13	15	27	FE_OFC389_05832/Z
FE_OFC388_05831	BUF_X1	117.99	64.68	R0	FE_OFN387_05831	FE_OFN388_05831	12	15	26	FE_OFC387_05831/Z
FE_OFC387_05831	BUF_X1	105.26	66.08	MX	FE_OFN386_05831	FE_OFN387_05831	12	12	23	FE_OFC386_05831/Z
FE_OFC385_05823	BUF_X1	101.65	49.28	MX	_05823_	FE_OFN385_05823	11	10	20	_14809_/ZN
FE_OFC384_05112	BUF_X1	121.41	133.28	R180	_05112_	FE_OFN384_05112	10	15	24	_14084_/Z
FE_OFC381_05099	BUF_X1	105.07	137.48	MY	FE_OFN379_05099	FE_OFN381_05099	16	11	26	FE_OFC379_05099/Z
FE_OFC380_05099	BUF_X1	120.08	143.08	R0	FE_OFN378_05099	FE_OFN380_05099	15	15	29	FE_OFC378_05099/Z
FE_OFC379_05099	BUF_X1	117.61	134.68	MY	FE_OFN378_05099	FE_OFN379_05099	15	16	30	FE_OFC378_05099/Z
FE_OFC377_05098	BUF_X1	100.32	150.08	MX	FE_OFN376_05098	FE_OFN377_05098	15	14	28	FE_OFC376_05098/Z
FE_OFC376_05098	BUF_X1	114.95	144.48	MX	FE_OFN375_05098	FE_OFN376_05098	16	15	30	FE_OFC375_05098/Z
FE_OFC375_05098	BUF_X1	117.61	137.48	R0	FE_OFN374_05098	FE_OFN375_05098	15	16	30	FE_OFC374_05098/Z
FE_OFC373_05083	BUF_X1	110.2	143.08	MY	_05083_	FE_OFN373_05083	10	10	19	_14055_/Z
FE_OFC371_05082	BUF_X1	115.9	140.28	R0	_05082_	FE_OFN371_05082	9	14	22	_14054_/ZN
FE_OFC370_05075	BUF_X1	101.65	134.68	R0	FE_OFN369_05075	FE_OFN370_05075	15	10	24	FE_OFC369_05075/Z
FE_OFC369_05075	BUF_X1	111.53	138.88	R180	FE_OFN368_05075	FE_OFN369_05075	16	15	30	FE_OFC368_05075/Z
FE_OFC368_05075	BUF_X1	117.61	138.88	MX	_05075_	FE_OFN368_05075	2	16	17	_14047_/Z
FE_OFC367_05074	BUF_X1	97.85	137.48	R0	FE_OFN365_05074	FE_OFN367_05074	13	11	23	FE_OFC365_05074/Z
FE_OFC366_05074	BUF_X1	117.23	152.88	R180	FE_OFN364_05074	FE_OFN366_05074	14	16	29	FE_OFC364_05074/Z
FE_OFC365_05074	BUF_X1	112.1	133.28	R180	FE_OFN364_05074	FE_OFN365_05074	14	13	26	FE_OFC364_05074/Z
FE_OFC363_05064	BUF_X1	111.91	137.48	R0	_05064_	FE_OFN363_05064	9	11	19	_14036_/Z
FE_OFC361_05063	BUF_X1	110.96	138.88	MX	_05063_	FE_OFN361_05063	9	14	22	_14035_/ZN
FE_OFC360_05057	BUF_X1	111.72	141.68	MX	FE_OFN359_05057	FE_OFN360_05057	11	12	22	FE_OFC359_05057/Z
FE_OFC358_05056	BUF_X1	110.58	147.28	R180	FE_OFN357_05056	FE_OFN358_05056	14	16	29	FE_OFC357_05056/Z
FE_OFC356_05050	BUF_X1	110.96	144.48	R180	FE_OFN355_05050	FE_OFN356_05050	14	12	25	FE_OFC355_05050/Z
FE_OFC354_05049	BUF_X1	113.81	138.88	R180	_05049_	FE_OFN354_05049	7	16	22	_14021_/ZN
FE_OFC353_05049	BUF_X1	121.22	140.28	R0	_05049_	FE_OFN353_05049	7	12	18	_14021_/ZN
FE_OFC348_04530	BUF_X1	131.48	88.48	R180	_04530_	FE_OFN348_04530	8	13	20	_13492_/Z
FE_OFC346_04502	BUF_X1	141.74	95.48	R0	_04502_	FE_OFN346_04502	7	13	19	_13464_/Z
FE_OFC345_04502	BUF_X1	134.14	92.68	R0	_04502_	FE_OFN345_04502	7	15	21	_13464_/Z
FE_OFC344_04501	BUF_X1	140.79	82.88	MX	FE_OFN343_04501	FE_OFN344_04501	16	11	26	FE_OFC343_04501/Z
FE_OFC343_04501	BUF_X1	134.9	96.88	R180	_04501_	FE_OFN343_04501	2	16	17	_13463_/ZN
FE_OFC342_04473	BUF_X1	144.59	88.48	MX	FE_OFN340_04473	FE_OFN342_04473	16	13	28	FE_OFC340_04473/Z
FE_OFC341_04473	BUF_X1	154.47	101.08	R0	FE_OFN339_04473	FE_OFN341_04473	11	14	24	FE_OFC339_04473/Z
FE_OFC340_04473	BUF_X1	136.61	91.28	MX	FE_OFN339_04473	FE_OFN340_04473	11	16	26	FE_OFC339_04473/Z
FE_OFC338_04472	BUF_X1	145.35	99.68	MX	FE_OFN336_04472	FE_OFN338_04472	14	16	29	FE_OFC336_04472/Z
FE_OFC337_04472	BUF_X1	144.4	82.88	R180	FE_OFN336_04472	FE_OFN337_04472	14	14	27	FE_OFC336_04472/Z
FE_OFC335_04463	BUF_X1	143.26	88.48	MX	FE_OFN334_04463	FE_OFN335_04463	12	16	27	FE_OFC334_04463/Z
FE_OFC333_04462	BUF_X1	139.65	88.48	MX	_04462_	FE_OFN333_04462	8	15	22	_13424_/ZN
FE_OFC331_04456	BUF_X1	143.45	99.68	MX	_04456_	FE_OFN331_04456	6	16	21	_13418_/ZN
FE_OFC330_04451	BUF_X1	146.49	94.08	MX	_04451_	FE_OFN330_04451	9	16	24	_13413_/Z
FE_OFC329_04450	BUF_X1	145.92	95.48	R0	FE_OFN328_04450	FE_OFN329_04450	11	16	26	FE_OFC328_04450/Z
FE_OFC327_04446	BUF_X1	148.96	80.08	MX	FE_OFN325_04446	FE_OFN327_04446	16	16	31	FE_OFC325_04446/Z
FE_OFC326_04446	BUF_X1	148.39	99.68	MX	FE_OFN0_04446	FE_OFN326_04446	10	16	25	FE_OFC0_04446/Z
FE_OFC325_04446	BUF_X1	137.18	92.68	R0	FE_OFN0_04446	FE_OFN325_04446	10	16	25	FE_OFC0_04446/Z
FE_OFC323_04445	BUF_X1	156.56	92.68	MY	FE_OFN321_04445	FE_OFN323_04445	14	15	28	FE_OFC321_04445/Z
FE_OFC322_04445	BUF_X1	133.57	84.28	MY	FE_OFN320_04445	FE_OFN322_04445	11	16	26	FE_OFC320_04445/Z
FE_OFC321_04445	BUF_X1	139.65	96.88	MX	FE_OFN320_04445	FE_OFN321_04445	11	14	24	FE_OFC320_04445/Z
FE_OFC319_04439	BUF_X1	36.29	46.48	R180	_04439_	FE_OFN319_04439	10	14	23	_13400_/ZN
FE_OFC318_04431	BUF_X1	37.62	46.48	MX	_04431_	FE_OFN318_04431	10	14	23	_13391_/ZN
FE_OFC317_04426	BUF_X1	35.15	49.28	R180	_04426_	FE_OFN317_04426	12	14	25	_13385_/ZN
FE_OFC316_04418	BUF_X1	32.68	50.68	R0	FE_OFN315_04418	FE_OFN316_04418	12	15	26	FE_OFC315_04418/Z
FE_OFC315_04418	BUF_X1	24.7	39.48	R0	FE_OFN313_04418	FE_OFN315_04418	10	12	21	FE_OFC313_04418/Z
FE_OFC314_04418	BUF_X1	15.2	50.68	R0	_04418_	FE_OFN314_04418	8	16	23	_13376_/ZN
FE_OFC313_04418	BUF_X1	13.49	40.88	MX	_04418_	FE_OFN313_04418	8	10	17	_13376_/ZN
FE_OFC312_04415	BUF_X1	28.88	53.48	R0	FE_OFN309_04415	FE_OFN312_04415	12	16	27	FE_OFC309_04415/Z
FE_OFC311_04415	BUF_X1	19.19	46.48	MX	FE_OFN309_04415	FE_OFN311_04415	12	12	23	FE_OFC309_04415/Z
FE_OFC310_04415	BUF_X1	12.35	59.08	R0	FE_OFN4_04415	FE_OFN310_04415	11	15	25	FE_OFC4_04415/Z
FE_OFC309_04415	BUF_X1	15.58	45.08	R0	FE_OFN4_04415	FE_OFN309_04415	11	12	22	FE_OFC4_04415/Z
FE_OFC307_04412	BUF_X1	12.16	49.28	MX	FE_OFN306_04412	FE_OFN307_04412	15	16	30	FE_OFC306_04412/Z
FE_OFC305_04409	BUF_X1	21.28	43.68	MX	_04409_	FE_OFN305_04409	9	11	19	_13364_/ZN
FE_OFC304_04388	BUF_X1	34.96	110.88	MX	FE_OFN301_04388	FE_OFN304_04388	12	16	27	FE_OFC301_04388/Z
FE_OFC303_04388	BUF_X1	22.04	117.88	R0	FE_OFN301_04388	FE_OFN303_04388	12	13	24	FE_OFC301_04388/Z
FE_OFC302_04388	BUF_X1	18.43	117.88	MY	FE_OFN301_04388	FE_OFN302_04388	12	9	20	FE_OFC301_04388/Z
FE_OFC300_04385	BUF_X1	36.29	109.48	R0	_04385_	FE_OFN300_04385	5	16	20	_13333_/ZN
FE_OFC299_04385	BUF_X1	24.51	108.08	MX	_04385_	FE_OFN299_04385	5	14	18	_13333_/ZN
FE_OFC298_04382	BUF_X1	29.45	116.48	MX	FE_OFN297_04382	FE_OFN298_04382	10	9	18	FE_OFC297_04382/Z
FE_OFC296_04377	BUF_X1	19.76	136.08	MX	_04377_	FE_OFN296_04377	5	16	20	_13322_/ZN
FE_OFC295_04369	BUF_X1	16.15	150.08	MX	FE_OFN294_04369	FE_OFN295_04369	11	15	25	FE_OFC294_04369/Z
FE_OFC293_04366	BUF_X1	19.0	140.28	R0	_04366_	FE_OFN293_04366	7	16	22	_13309_/ZN
FE_OFC292_04358	BUF_X1	34.96	140.28	R0	FE_OFN290_04358	FE_OFN292_04358	16	15	30	FE_OFC290_04358/Z
FE_OFC291_04358	BUF_X1	18.43	137.48	MY	_04358_	FE_OFN291_04358	3	16	18	_13300_/ZN
FE_OFC290_04358	BUF_X1	23.37	136.08	MX	_04358_	FE_OFN290_04358	3	16	18	_13300_/ZN
FE_OFC289_04355	BUF_X1	42.94	148.68	R0	FE_OFN287_04355	FE_OFN289_04355	16	16	31	FE_OFC287_04355/Z
FE_OFC288_04355	BUF_X1	17.67	144.48	MX	FE_OFN286_04355	FE_OFN288_04355	16	10	25	FE_OFC286_04355/Z
FE_OFC287_04355	BUF_X1	30.21	137.48	R0	FE_OFN286_04355	FE_OFN287_04355	16	16	31	FE_OFC286_04355/Z
FE_OFC285_04352	BUF_X1	33.25	143.08	R0	FE_OFN284_04352	FE_OFN285_04352	13	16	28	FE_OFC284_04352/Z
FE_OFC283_04349	BUF_X1	32.49	155.68	MX	FE_OFN282_04349	FE_OFN283_04349	8	15	22	FE_OFC282_04349/Z
FE_OFC280_03918	BUF_X1	41.23	80.08	MX	_03918_	FE_OFN280_03918	14	16	29	_12755_/Z
FE_OFC274_03878	BUF_X1	41.23	91.28	MX	_03878_	FE_OFN274_03878	10	16	25	_12713_/Z
FE_OFC273_03878	BUF_X1	35.15	82.88	R180	_03878_	FE_OFN273_03878	10	12	21	_12713_/Z
FE_OFC272_03878	BUF_X1	35.72	71.68	R180	_03878_	FE_OFN272_03878	10	14	23	_12713_/Z
FE_OFC269_03868	BUF_X1	27.74	88.48	R180	_03868_	FE_OFN269_03868	13	9	21	_12702_/Z
FE_OFC268_03839	BUF_X1	25.65	74.48	R180	_03839_	FE_OFN268_03839	7	12	18	_12670_/ZN
FE_OFC267_03475	BUF_X1	86.07	39.48	MY	_03475_	FE_OFN267_03475	8	10	17	_12298_/Z
FE_OFC266_03474	BUF_X1	87.97	32.48	R180	FE_OFN265_03474	FE_OFN266_03474	12	13	24	FE_OFC265_03474/Z
FE_OFC264_03464	BUF_X1	74.67	39.48	MY	FE_OFN261_03464	FE_OFN264_03464	12	16	27	FE_OFC261_03464/Z
FE_OFC263_03464	BUF_X1	76.38	35.28	R180	FE_OFN261_03464	FE_OFN263_03464	12	16	27	FE_OFC261_03464/Z
FE_OFC262_03464	BUF_X1	88.16	35.28	MX	FE_OFN261_03464	FE_OFN262_03464	12	14	25	FE_OFC261_03464/Z
FE_OFC260_03463	BUF_X1	76.38	24.08	MX	FE_OFN258_03463	FE_OFN260_03463	16	14	29	FE_OFC258_03463/Z
FE_OFC259_03463	BUF_X1	89.3	32.48	MX	FE_OFN258_03463	FE_OFN259_03463	16	11	26	FE_OFC258_03463/Z
FE_OFC258_03463	BUF_X1	87.02	40.88	MX	_03463_	FE_OFN258_03463	3	16	18	_12286_/ZN
FE_OFC257_03463	BUF_X1	84.74	43.68	R180	_03463_	FE_OFN257_03463	3	16	18	_12286_/ZN
FE_OFC256_03452	BUF_X1	77.33	31.08	MY	_03452_	FE_OFN256_03452	9	14	22	_12275_/Z
FE_OFC255_03452	BUF_X1	73.15	42.28	MY	_03452_	FE_OFN255_03452	9	13	21	_12275_/Z
FE_OFC254_03451	BUF_X1	73.91	19.88	R0	FE_OFN253_03451	FE_OFN254_03451	14	16	29	FE_OFC253_03451/Z
FE_OFC253_03451	BUF_X1	67.26	38.08	R180	FE_OFN10_03451	FE_OFN253_03451	11	14	24	FE_OFC10_03451/Z
FE_OFC252_03451	BUF_X1	79.23	39.48	R0	FE_OFN10_03451	FE_OFN252_03451	11	9	19	FE_OFC10_03451/Z
FE_OFC250_03430	BUF_X1	80.75	39.48	R0	FE_OFN249_03430	FE_OFN250_03430	12	13	24	FE_OFC249_03430/Z
FE_OFC248_03429	BUF_X1	74.67	36.68	R0	FE_OFN247_03429	FE_OFN248_03429	14	16	29	FE_OFC247_03429/Z
FE_OFC246_03408	BUF_X1	78.66	28.28	MY	FE_OFN245_03408	FE_OFN246_03408	16	12	27	FE_OFC245_03408/Z
FE_OFC244_03407	BUF_X1	88.73	36.68	R0	FE_OFN243_03407	FE_OFN244_03407	10	16	25	FE_OFC243_03407/Z
FE_OFC241_02864	BUF_X1	156.18	66.08	MX	FE_OFN239_02864	FE_OFN241_02864	16	10	25	FE_OFC239_02864/Z
FE_OFC240_02864	BUF_X1	137.94	54.88	MX	FE_OFN238_02864	FE_OFN240_02864	15	16	30	FE_OFC238_02864/Z
FE_OFC239_02864	BUF_X1	138.89	74.48	MX	FE_OFN238_02864	FE_OFN239_02864	15	16	30	FE_OFC238_02864/Z
FE_OFC237_02863	BUF_X1	158.65	66.08	MX	FE_OFN235_02863	FE_OFN237_02863	13	16	28	FE_OFC235_02863/Z
FE_OFC236_02863	BUF_X1	136.61	59.08	R0	_02863_	FE_OFN236_02863	9	16	24	_11674_/ZN
FE_OFC235_02863	BUF_X1	136.8	71.68	MX	_02863_	FE_OFN235_02863	9	13	21	_11674_/ZN
FE_OFC234_02854	BUF_X1	145.92	53.48	R0	FE_OFN233_02854	FE_OFN234_02854	16	11	26	FE_OFC233_02854/Z
FE_OFC233_02854	BUF_X1	134.71	68.88	MX	_02854_	FE_OFN233_02854	7	16	22	_11665_/Z
FE_OFC232_02853	BUF_X1	148.39	73.08	R0	_02853_	FE_OFN232_02853	5	16	20	_11664_/ZN
FE_OFC231_02846	BUF_X1	145.73	73.08	R0	_02846_	FE_OFN231_02846	7	15	21	_11657_/Z
FE_OFC230_02845	BUF_X1	140.41	68.88	MX	_02845_	FE_OFN230_02845	5	14	18	_11656_/ZN
FE_OFC229_02837	BUF_X1	145.16	71.68	MX	FE_OFN228_02837	FE_OFN229_02837	11	16	26	FE_OFC228_02837/Z
FE_OFC227_02836	BUF_X1	149.91	70.28	R0	FE_OFN226_02836	FE_OFN227_02836	11	13	23	FE_OFC226_02836/Z
FE_OFC225_02830	BUF_X1	148.39	64.68	MY	FE_OFN222_02830	FE_OFN225_02830	13	15	27	FE_OFC222_02830/Z
FE_OFC224_02830	BUF_X1	150.29	66.08	MX	FE_OFN222_02830	FE_OFN224_02830	13	13	25	FE_OFC222_02830/Z
FE_OFC223_02830	BUF_X1	133.76	68.88	R180	FE_OFN222_02830	FE_OFN223_02830	13	15	27	FE_OFC222_02830/Z
FE_OFC221_02829	BUF_X1	155.61	66.08	MX	FE_OFN219_02829	FE_OFN221_02829	15	16	30	FE_OFC219_02829/Z
FE_OFC220_02829	BUF_X1	137.37	67.48	R0	FE_OFN219_02829	FE_OFN220_02829	15	14	28	FE_OFC219_02829/Z
FE_OFC218_02821	BUF_X1	128.63	67.48	R0	_02821_	FE_OFN218_02821	3	16	18	_11632_/Z
FE_OFC217_02820	BUF_X1	139.46	64.68	R0	FE_OFN216_02820	FE_OFN217_02820	14	13	26	FE_OFC216_02820/Z
FE_OFC215_02813	BUF_X1	131.1	61.88	MY	FE_OFN214_02813	FE_OFN215_02813	13	16	28	FE_OFC214_02813/Z
FE_OFC213_02812	BUF_X1	132.24	63.28	R180	FE_OFN212_02812	FE_OFN213_02812	11	16	26	FE_OFC212_02812/Z
FE_OFC209_02638	BUF_X1	64.41	110.88	R180	FE_OFN206_02638	FE_OFN209_02638	11	16	26	FE_OFC206_02638/Z
FE_OFC208_02638	BUF_X1	76.38	110.88	R180	_02638_	FE_OFN208_02638	7	16	22	_11447_/Z
FE_OFC207_02638	BUF_X1	79.42	110.88	MX	_02638_	FE_OFN207_02638	7	16	22	_11447_/Z
FE_OFC206_02638	BUF_X1	76.38	103.88	MY	_02638_	FE_OFN206_02638	7	11	17	_11447_/Z
FE_OFC205_02637	BUF_X1	81.32	122.08	MX	FE_OFN203_02637	FE_OFN205_02637	12	14	25	FE_OFC203_02637/Z
FE_OFC204_02637	BUF_X1	73.34	106.68	MY	FE_OFN203_02637	FE_OFN204_02637	12	16	27	FE_OFC203_02637/Z
FE_OFC202_02622	BUF_X1	69.35	105.28	R180	FE_OFN201_02622	FE_OFN202_02622	10	15	24	FE_OFC201_02622/Z
FE_OFC200_02621	BUF_X1	68.78	105.28	R180	FE_OFN199_02621	FE_OFN200_02621	10	14	23	FE_OFC199_02621/Z
FE_OFC198_02614	BUF_X1	65.17	108.08	R180	FE_OFN197_02614	FE_OFN198_02614	12	16	27	FE_OFC197_02614/Z
FE_OFC196_02613	BUF_X1	73.34	102.48	MX	_02613_	FE_OFN196_02613	9	16	24	_11422_/ZN
FE_OFC194_02607	BUF_X1	63.46	110.88	R180	_02607_	FE_OFN194_02607	10	16	25	_11416_/Z
FE_OFC193_02606	BUF_X1	69.35	102.48	R180	_02606_	FE_OFN193_02606	7	12	18	_11415_/ZN
FE_OFC192_02600	BUF_X1	78.09	115.08	R0	FE_OFN190_02600	FE_OFN192_02600	11	16	26	FE_OFC190_02600/Z
FE_OFC191_02600	BUF_X1	73.72	103.88	MY	FE_OFN189_02600	FE_OFN191_02600	13	16	28	FE_OFC189_02600/Z
FE_OFC190_02600	BUF_X1	82.08	109.48	MY	FE_OFN189_02600	FE_OFN190_02600	13	11	23	FE_OFC189_02600/Z
FE_OFC188_02599	BUF_X1	84.93	123.48	MY	FE_OFN186_02599	FE_OFN188_02599	14	16	29	FE_OFC186_02599/Z
FE_OFC187_02599	BUF_X1	67.83	110.88	R180	FE_OFN185_02599	FE_OFN187_02599	12	16	27	FE_OFC185_02599/Z
FE_OFC186_02599	BUF_X1	80.18	117.88	R0	FE_OFN185_02599	FE_OFN186_02599	12	14	25	FE_OFC185_02599/Z
FE_OFC184_02591	BUF_X1	73.34	108.08	R180	FE_OFN183_02591	FE_OFN184_02591	13	14	26	FE_OFC183_02591/Z
FE_OFC182_02590	BUF_X1	84.74	117.88	R0	FE_OFN181_02590	FE_OFN182_02590	11	16	26	FE_OFC181_02590/Z
FE_OFC180_02584	BUF_X1	71.06	112.28	R0	FE_OFN179_02584	FE_OFN180_02584	9	9	17	FE_OFC179_02584/Z
FE_OFC178_02583	BUF_X1	80.75	115.08	MY	FE_OFN177_02583	FE_OFN178_02583	14	12	25	FE_OFC177_02583/Z
FE_OFC176_02284	BUF_X1	136.61	141.68	MX	_02284_	FE_OFN176_02284	11	9	19	_11087_/Z
FE_OFC174_02283	BUF_X1	136.61	143.08	R0	_02283_	FE_OFN174_02283	6	14	19	_11086_/ZN
FE_OFC172_02250	BUF_X1	138.13	137.48	R0	_02250_	FE_OFN172_02250	2	16	17	_11053_/ZN
FE_OFC171_02249	BUF_X1	139.84	136.08	MX	_02249_	FE_OFN171_02249	4	16	19	_11052_/ZN
FE_OFC170_02238	BUF_X1	145.92	141.68	MX	_02238_	FE_OFN170_02238	7	11	17	_11041_/ZN
FE_OFC169_02228	BUF_X1	135.28	140.28	R0	_02228_	FE_OFN169_02228	9	14	22	_11031_/Z
FE_OFC168_02227	BUF_X1	139.65	148.68	R0	FE_OFN167_02227	FE_OFN168_02227	11	16	26	FE_OFC167_02227/Z
FE_OFC165_02209	BUF_X1	142.88	152.88	MX	FE_OFN164_02209	FE_OFN165_02209	14	16	29	FE_OFC164_02209/Z
FE_OFC163_02208	BUF_X1	136.8	144.48	MX	FE_OFN162_02208	FE_OFN163_02208	15	13	27	FE_OFC162_02208/Z
FE_OFC161_01870	BUF_X1	71.44	144.48	MX	FE_OFN160_01870	FE_OFN161_01870	16	16	31	FE_OFC160_01870/Z
FE_OFC160_01870	BUF_X1	85.88	136.08	R180	FE_OFN159_01870	FE_OFN160_01870	12	16	27	FE_OFC159_01870/Z
FE_OFC158_01869	BUF_X1	81.89	157.08	MY	FE_OFN156_01869	FE_OFN158_01869	14	15	28	FE_OFC156_01869/Z
FE_OFC157_01869	BUF_X1	79.42	136.08	R180	_01869_	FE_OFN157_01869	5	16	20	_10665_/ZN
FE_OFC156_01869	BUF_X1	87.97	137.48	R0	_01869_	FE_OFN156_01869	5	14	18	_10665_/ZN
FE_OFC155_01854	BUF_X1	86.83	137.48	MY	_01854_	FE_OFN155_01854	5	16	20	_10650_/Z
FE_OFC154_01853	BUF_X1	86.83	138.88	MX	_01853_	FE_OFN154_01853	7	15	21	_10649_/ZN
FE_OFC153_01846	BUF_X1	88.54	136.08	MX	FE_OFN152_01846	FE_OFN153_01846	11	11	21	FE_OFC152_01846/Z
FE_OFC151_01845	BUF_X1	89.3	141.68	R180	_01845_	FE_OFN151_01845	6	16	21	_10641_/ZN
FE_OFC150_01839	BUF_X1	86.07	144.48	MX	_01839_	FE_OFN150_01839	10	16	25	_10635_/Z
FE_OFC148_01838	BUF_X1	93.1	147.28	R180	_01838_	FE_OFN148_01838	7	14	20	_10634_/ZN
FE_OFC147_01838	BUF_X1	86.64	136.08	MX	_01838_	FE_OFN147_01838	7	14	20	_10634_/ZN
FE_OFC146_01832	BUF_X1	62.32	144.48	MX	FE_OFN144_01832	FE_OFN146_01832	15	16	30	FE_OFC144_01832/Z
FE_OFC145_01832	BUF_X1	79.42	141.68	MX	FE_OFN142_01832	FE_OFN145_01832	15	16	30	FE_OFC142_01832/Z
FE_OFC144_01832	BUF_X1	76.19	133.28	R180	FE_OFN142_01832	FE_OFN144_01832	15	15	29	FE_OFC142_01832/Z
FE_OFC143_01832	BUF_X1	92.72	143.08	MY	FE_OFN142_01832	FE_OFN143_01832	15	14	28	FE_OFC142_01832/Z
FE_OFC141_01831	BUF_X1	91.77	145.88	MY	_01831_	FE_OFN141_01831	8	16	23	_10627_/ZN
FE_OFC140_01831	BUF_X1	84.17	140.28	MY	_01831_	FE_OFN140_01831	8	13	20	_10627_/ZN
FE_OFC139_01823	BUF_X1	84.93	138.88	R180	_01823_	FE_OFN139_01823	8	11	18	_10619_/Z
FE_OFC138_01822	BUF_X1	73.15	133.28	R180	_01822_	FE_OFN138_01822	7	16	22	_10618_/ZN
FE_OFC136_01509	BUF_X1	135.85	115.08	R0	_01509_	FE_OFN136_01509	6	12	17	_10298_/Z
FE_OFC135_01457	BUF_X1	158.46	123.48	R0	FE_OFN134_01457	FE_OFN135_01457	16	14	29	FE_OFC134_01457/Z
FE_OFC134_01457	BUF_X1	148.01	113.68	MX	FE_OFN133_01457	FE_OFN134_01457	13	16	28	FE_OFC133_01457/Z
FE_OFC132_01456	BUF_X1	152.0	126.28	R0	FE_OFN131_01456	FE_OFN132_01456	15	10	24	FE_OFC131_01456/Z
FE_OFC131_01456	BUF_X1	142.88	122.08	MX	FE_OFN129_01456	FE_OFN131_01456	14	15	28	FE_OFC129_01456/Z
FE_OFC130_01456	BUF_X1	143.83	112.28	R0	FE_OFN129_01456	FE_OFN130_01456	14	16	29	FE_OFC129_01456/Z
FE_OFC128_01442	BUF_X1	142.5	115.08	R0	FE_OFN127_01442	FE_OFN128_01442	11	16	26	FE_OFC127_01442/Z
FE_OFC126_01441	BUF_X1	143.45	117.88	MY	_01441_	FE_OFN126_01441	10	16	25	_10230_/ZN
FE_OFC124_01435	BUF_X1	142.5	120.68	R0	_01435_	FE_OFN124_01435	7	15	21	_10224_/Z
FE_OFC122_01427	BUF_X1	142.12	116.48	MX	FE_OFN121_01427	FE_OFN122_01427	12	13	24	FE_OFC121_01427/Z
FE_OFC120_01426	BUF_X1	143.07	123.48	R0	_01426_	FE_OFN120_01426	7	13	19	_10215_/Z
FE_OFC119_01420	BUF_X1	153.9	122.08	MX	FE_OFN118_01420	FE_OFN119_01420	14	14	27	FE_OFC118_01420/Z
FE_OFC118_01420	BUF_X1	143.07	115.08	R0	FE_OFN117_01420	FE_OFN118_01420	16	14	29	FE_OFC117_01420/Z
FE_OFC117_01420	BUF_X1	142.12	109.48	R0	_01420_	FE_OFN117_01420	8	16	23	_10209_/Z
FE_OFC116_01419	BUF_X1	160.74	115.08	R0	FE_OFN114_01419	FE_OFN116_01419	12	11	22	FE_OFC114_01419/Z
FE_OFC115_01419	BUF_X1	137.56	123.48	R0	_01419_	FE_OFN115_01419	9	15	23	_10208_/ZN
FE_OFC114_01419	BUF_X1	140.79	119.28	MX	_01419_	FE_OFN114_01419	9	12	20	_10208_/ZN
FE_OFC113_01419	BUF_X1	138.51	116.48	MX	_01419_	FE_OFN113_01419	9	16	24	_10208_/ZN
FE_OFC112_01411	BUF_X1	139.08	117.88	R0	FE_OFN110_01411	FE_OFN112_01411	12	10	21	FE_OFC110_01411/Z
FE_OFC111_01411	BUF_X1	136.61	112.28	R0	FE_OFN110_01411	FE_OFN111_01411	12	12	23	FE_OFC110_01411/Z
FE_OFC109_01410	BUF_X1	144.59	106.68	R0	FE_OFN108_01410	FE_OFN109_01410	15	16	30	FE_OFC108_01410/Z
FE_OFC107_01404	BUF_X1	136.61	122.08	MX	_01404_	FE_OFN107_01404	5	14	18	_10193_/Z
FE_OFC102_01039	BUF_X1	94.81	29.68	MX	_01039_	FE_OFN102_01039	4	14	17	_09821_/Z
FE_OFC101_01038	BUF_X1	99.75	29.68	MX	FE_OFN100_01038	FE_OFN101_01038	11	11	21	FE_OFC100_01038/Z
FE_OFC99_01033	BUF_X1	116.47	28.28	R0	FE_OFN98_01033	FE_OFN99_01033	13	14	26	FE_OFC98_01033/Z
FE_OFC98_01033	BUF_X1	102.41	29.68	MX	_01033_	FE_OFN98_01033	10	13	22	_09815_/Z
FE_OFC97_01033	BUF_X1	95.0	32.48	MX	_01033_	FE_OFN97_01033	10	12	21	_09815_/Z
FE_OFC95_01032	BUF_X1	113.05	32.48	MX	FE_OFN93_01032	FE_OFN95_01032	11	16	26	FE_OFC93_01032/Z
FE_OFC94_01032	BUF_X1	109.06	38.08	MX	FE_OFN93_01032	FE_OFN94_01032	11	15	25	FE_OFC93_01032/Z
FE_OFC93_01032	BUF_X1	97.28	38.08	MX	FE_OFN91_01032	FE_OFN93_01032	12	11	22	FE_OFC91_01032/Z
FE_OFC92_01032	BUF_X1	98.8	26.88	MX	FE_OFN91_01032	FE_OFN92_01032	12	14	25	FE_OFC91_01032/Z
FE_OFC90_01021	BUF_X1	114.19	36.68	R0	FE_OFN89_01021	FE_OFN90_01021	12	14	25	FE_OFC89_01021/Z
FE_OFC89_01021	BUF_X1	101.46	39.48	R0	FE_OFN87_01021	FE_OFN89_01021	14	12	25	FE_OFC87_01021/Z
FE_OFC88_01021	BUF_X1	93.67	25.48	R0	_01021_	FE_OFN88_01021	5	16	20	_09803_/Z
FE_OFC87_01021	BUF_X1	92.91	32.48	MX	_01021_	FE_OFN87_01021	5	14	18	_09803_/Z
FE_OFC86_01020	BUF_X1	109.25	22.68	R0	FE_OFN85_01020	FE_OFN86_01020	16	16	31	FE_OFC85_01020/Z
FE_OFC85_01020	BUF_X1	95.95	29.68	MX	FE_OFN84_01020	FE_OFN85_01020	15	16	30	FE_OFC84_01020/Z
FE_OFC83_01010	BUF_X1	93.86	26.88	MX	FE_OFN82_01010	FE_OFN83_01010	14	10	23	FE_OFC82_01010/Z
FE_OFC81_01009	BUF_X1	96.52	28.28	R0	FE_OFN80_01009	FE_OFN81_01009	10	12	21	FE_OFC80_01009/Z
FE_OFC79_01001	BUF_X1	99.56	31.08	R0	FE_OFN78_01001	FE_OFN79_01001	15	12	26	FE_OFC78_01001/Z
FE_OFC77_01000	BUF_X1	93.1	26.88	MX	FE_OFN76_01000	FE_OFN77_01000	12	11	22	FE_OFC76_01000/Z
FE_OFC75_00994	BUF_X1	104.88	38.08	MX	FE_OFN74_00994	FE_OFN75_00994	15	16	30	FE_OFC74_00994/Z
FE_OFC73_00993	BUF_X1	102.79	17.08	R0	_00993_	FE_OFN73_00993	7	16	22	_09775_/ZN
FE_OFC72_00993	BUF_X1	100.7	28.28	R0	_00993_	FE_OFN72_00993	7	13	19	_09775_/ZN
FE_OFC69_00308	BUF_X1	18.81	112.28	R0	_00308_	FE_OFN69_00308	6	12	17	_13353_/ZN
FE_OFC68_00307	BUF_X1	23.94	115.08	R0	_00307_	FE_OFN68_00307	12	15	26	_13358_/ZN
FE_OFC67_00297	BUF_X1	30.21	87.08	R0	FE_OFN65_00297	FE_OFN67_00297	13	15	27	FE_OFC65_00297/Z
FE_OFC66_00297	BUF_X1	37.05	85.68	MX	FE_OFN65_00297	FE_OFN66_00297	13	15	27	FE_OFC65_00297/Z
FE_OFC65_00297	BUF_X1	26.79	80.08	MX	_00297_	FE_OFN65_00297	11	13	23	_12726_/ZN
FE_OFC63_00279	BUF_X1	28.5	115.08	R0	_00279_	FE_OFN63_00279	8	16	23	_13343_/ZN
FE_OFC62_00279	BUF_X1	19.76	113.68	R180	_00279_	FE_OFN62_00279	8	12	19	_13343_/ZN
FE_OFC61_00278	BUF_X1	20.9	112.28	R0	_00278_	FE_OFN61_00278	11	10	20	_13348_/ZN
FE_OFC60_08466	BUF_X1	109.25	103.88	MY	_08466_	FE_OFN60_08466	2	16	17	_17751_/ZN
FE_OFC59_08434	BUF_X1	109.25	110.88	R180	_08434_	FE_OFN59_08434	2	16	17	_17719_/ZN
FE_OFC55_05861	BUF_X1	97.47	52.08	MX	_05861_	FE_OFN55_05861	2	16	17	_14847_/ZN
FE_OFC53_05822	BUF_X1	102.79	52.08	MX	_05822_	FE_OFN53_05822	10	9	18	_14808_/ZN
FE_OFC52_05807	BUF_X1	107.73	53.48	R0	_05807_	FE_OFN52_05807	4	15	18	_14793_/ZN
FE_OFC50_04404	BUF_X1	20.9	109.48	R0	_04404_	FE_OFN50_04404	7	14	20	_13357_/ZN
FE_OFC49_04400	BUF_X1	22.99	112.28	R0	_04400_	FE_OFN49_04400	13	10	22	_13352_/ZN
FE_OFC48_04396	BUF_X1	22.04	115.08	R0	_04396_	FE_OFN48_04396	10	12	21	_13347_/ZN
FE_OFC47_04392	BUF_X1	18.81	127.68	MX	FE_OFN46_04392	FE_OFN47_04392	15	10	24	FE_OFC46_04392/Z
FE_OFC46_04392	BUF_X1	21.28	115.08	MY	FE_OFN45_04392	FE_OFN46_04392	16	15	30	FE_OFC45_04392/Z
FE_OFC45_04392	BUF_X1	21.47	108.08	MX	_04392_	FE_OFN45_04392	3	16	18	_13342_/ZN
FE_OFC44_03889	BUF_X1	37.62	81.48	R0	FE_OFN42_03889	FE_OFN44_03889	15	16	30	FE_OFC42_03889/Z
FE_OFC43_03889	BUF_X1	28.12	73.08	MY	_03889_	FE_OFN43_03889	6	16	21	_12725_/ZN
FE_OFC42_03889	BUF_X1	31.92	78.68	R0	_03889_	FE_OFN42_03889	6	15	20	_12725_/ZN
FE_OFC41_00986	BUF_X1	43.7	31.08	R0	FE_OFN40_00986	FE_OFN41_00986	13	11	23	FE_OFC40_00986/Z
FE_OFC40_00986	BUF_X1	53.01	31.08	R0	FE_OFN38_00986	FE_OFN40_00986	13	13	25	FE_OFC38_00986/Z
FE_OFC39_00986	BUF_X1	121.98	103.88	R0	FE_OFN37_00986	FE_OFN39_00986	16	16	31	FE_OFC37_00986/Z
FE_OFC38_00986	BUF_X1	57.95	39.48	R0	FE_OFN34_00986	FE_OFN38_00986	16	13	28	FE_OFC34_00986/Z
FE_OFC37_00986	BUF_X1	118.75	96.88	MX	FE_OFN32_00986	FE_OFN37_00986	16	16	31	FE_OFC32_00986/Z
FE_OFC36_00986	BUF_X1	131.86	98.28	R0	FE_OFN32_00986	FE_OFN36_00986	16	16	31	FE_OFC32_00986/Z
FE_OFC35_00986	BUF_X1	79.99	50.68	R0	FE_OFN31_00986	FE_OFN35_00986	16	16	31	FE_OFC31_00986/Z
FE_OFC34_00986	BUF_X1	77.33	49.28	R180	FE_OFN31_00986	FE_OFN34_00986	16	16	31	FE_OFC31_00986/Z
FE_OFC33_00986	BUF_X1	91.01	47.88	R0	FE_OFN31_00986	FE_OFN33_00986	16	12	27	FE_OFC31_00986/Z
FE_OFC32_00986	BUF_X1	126.54	78.68	R0	_00986_	FE_OFN32_00986	10	16	25	_09768_/ZN
FE_OFC31_00986	BUF_X1	96.71	46.48	MX	_00986_	FE_OFN31_00986	10	16	25	_09768_/ZN
FE_OFC30_00986	BUF_X1	125.4	47.88	R0	_00986_	FE_OFN30_00986	10	12	21	_09768_/ZN
FE_OFC29_00961	BUF_X1	17.86	80.08	R180	FE_OFN25_00961	FE_OFN29_00961	10	16	25	FE_OFC25_00961/Z
FE_OFC28_00961	BUF_X1	41.23	47.88	R0	FE_OFN24_00961	FE_OFN28_00961	16	16	31	FE_OFC24_00961/Z
FE_OFC27_00961	BUF_X1	19.0	108.08	R180	FE_OFN23_00961	FE_OFN27_00961	16	16	31	FE_OFC23_00961/Z
FE_OFC26_00961	BUF_X1	48.07	88.48	MX	FE_OFN22_00961	FE_OFN26_00961	12	16	27	FE_OFC22_00961/Z
FE_OFC25_00961	BUF_X1	19.0	95.48	MY	FE_OFN22_00961	FE_OFN25_00961	12	10	21	FE_OFC22_00961/Z
FE_OFC24_00961	BUF_X1	43.13	70.28	MY	_00961_	FE_OFN24_00961	10	16	25	_09743_/ZN
FE_OFC23_00961	BUF_X1	49.4	126.28	R0	FE_OFN20_00961	FE_OFN23_00961	7	16	22	FE_OFC20_00961/Z
FE_OFC22_00961	BUF_X1	46.17	101.08	R0	_00961_	FE_OFN22_00961	10	12	21	_09743_/ZN
FE_OFC19_ld_r	BUF_X1	83.6	49.28	MX	FE_OFN18_ld_r	FE_OFN19_ld_r	15	16	30	FE_OFC18_ld_r/Z
FE_OFC18_ld_r	BUF_X1	55.86	98.28	MY	ld_r	FE_OFN18_ld_r	10	15	24	_19477_/Q
FE_OFC17_00295	BUF_X1	28.88	70.28	R0	_00295_	FE_OFN17_00295	11	11	21	_12657_/ZN
FE_OFC16_ld	BUF_X1	142.88	14.28	R0	FE_OFN13_ld	FE_OFN16_ld	14	16	29	FE_OFC13_ld/Z
FE_OFC15_ld	BUF_X1	48.64	82.88	MX	FE_OFN12_ld	FE_OFN15_ld	10	16	25	FE_OFC12_ld/Z
FE_OFC14_ld	BUF_X1	45.6	12.88	R180	FE_OFN10_ld	FE_OFN14_ld	16	14	29	FE_OFC10_ld/Z
FE_OFC13_ld	BUF_X1	129.96	15.68	MX	FE_OFN9_ld	FE_OFN13_ld	16	14	29	FE_OFC9_ld/Z
FE_OFC12_ld	BUF_X1	17.1	71.68	MX	FE_OFN8_ld	FE_OFN12_ld	16	10	25	FE_OFC8_ld/Z
FE_OFC11_ld	BUF_X1	76.38	12.88	R180	FE_OFN7_ld	FE_OFN11_ld	14	16	29	FE_OFC7_ld/Z
FE_OFC10_ld	BUF_X1	42.56	19.88	R0	FE_OFN6_ld	FE_OFN10_ld	16	16	31	FE_OFC6_ld/Z
FE_OFC9_ld	BUF_X1	119.51	14.28	R0	FE_OFN5_ld	FE_OFN9_ld	14	16	29	FE_OFC5_ld/Z
FE_OFC8_ld	BUF_X1	15.77	70.28	R0	FE_OFN4_ld	FE_OFN8_ld	16	16	31	FE_OFC4_ld/Z
FE_OFC7_ld	BUF_X1	94.81	12.88	MX	FE_OFN2_ld	FE_OFN7_ld	13	14	26	FE_OFC2_ld/Z
FE_OFC6_ld	BUF_X1	42.94	40.88	R180	FE_OFN2_ld	FE_OFN6_ld	13	16	28	FE_OFC2_ld/Z
FE_OFC5_ld	BUF_X1	105.26	12.88	MX	FE_OFN2_ld	FE_OFN5_ld	13	14	26	FE_OFC2_ld/Z
FE_OFC4_ld	BUF_X1	14.06	98.28	R0	FE_OFN1_ld	FE_OFN4_ld	11	16	26	FE_OFC1_ld/Z
FE_OFC3_ld	BUF_X1	54.15	143.08	R0	FE_OFN0_ld	FE_OFN3_ld	12	16	27	FE_OFC0_ld/Z
